Filename,Summary + Labels,Uploaded,ReleaseDate,Size,DownloadCount
rootfs_dreamplug_v10_Aug-28-20128.zip.001,rootfs_dreamplug_v10_Aug-28-20128.zip.001,Aug 2012,Aug 2012,199 MB,986
rootfs_dreamplug_v10_Aug-28-20128.zip.002,rootfs_dreamplug_v10_Aug-28-20128.zip.002,Aug 2012,Aug 2012,34.1 MB,958
dream_burn_uboot_v10_Aug-28-2012.tar.gz,dream_burn_uboot_v10_Aug-28-2012.tar.gz,Aug 2012,Aug 2012,4.3 MB,1062
uImage_dreamplug_v10_Aug-28-2012,uImage_dreamplug_v10_Aug-28-2012,Aug 2012,Aug 2012,2.9 MB,1250
MProg 3.5.rar,MProg 3.5.rar,Aug 2012,Aug 2012,1.5 MB,714
DreamPlug-Upgrade kernel and root-filesystem guide_ Aug-28-2012.pdf,DreamPlug-Upgrade kernel and root-filesystem guide_ Aug-28-2012.pdf,Aug 2012,Aug 2012,708 KB,2703
DreamPlug-Reflash uboot guide_ Aug-28-2012.pdf,DreamPlug-Reflash uboot guide_ Aug-28-2012.pdf,Aug 2012,Aug 2012,1.2 MB,2462
DreamPlug-User Guide_US_v1.2-Aug-28-2012.pdf,DreamPlug-User Guide_US_v1.2-Aug-28-2012.pdf,Aug 2012,Aug 2012,2.7 MB,3581
DreamPlug Quick Reference Card_Aug-28-2012.pdf,DreamPlug Quick Reference Card_Aug-28-2012.pdf,Aug 2012,Aug 2012,47.1 KB,1239
Readme FIRST about identifying V9R1 or V10R1 of Dreamplug.txt,Readme FIRST about identifying V9R1 or V10R1 of Dreamplug,Mar 2012,Mar 2012,574 bytes,2399
DreamPlug v9-upgrade kernel root filesystem_Quick start guide-2.pdf,DreamPlug v9-upgrade kernel root filesystem_Quick start guide-2.pdf,Mar 2012,Mar 2012,1.0 MB,2922
v9r18787.tar.bz2,v9r18787.tar.bz2,Mar 2012,Mar 2012,142 MB,593
uImage-DreamPlug v9,uImage-DreamPlug v9,Mar 2012,Mar 2012,2.6 MB,925
u-boot-DreamPlug v9.kwb,u-boot-DreamPlug v9.kwb,Mar 2012,Mar 2012,147 KB,760
MD5Sum-DreamPlug v9.txt,(Readme first) MD5Sum-DreamPlug v9.txt,Mar 2012,Mar 2012,258 bytes,655
Dreamplug - Change OS from Debian to Ubuntu-20110615.1.pdf,Dreamplug - Change OS from Debian to Ubuntu-20110615.1,Jun 2011,Jun 2011,921 KB,4995
DreamPlug - Change OS from Ubuntu to Debian-20110617.pdf,DreamPlug - Change OS from Ubuntu to Debian-20110617,Jun 2011,Jun 2011,1020 KB,4875
dreamplug_ubuntu_v0.1.zip.003,dreamplug_ubuntu_v0.1.zip.003 (3/4),Jun 2011,Jun 2011,99 MB,940
dreamplug_ubuntu_v0.1.zip.002,dreamplug_ubuntu_v0.1.zip.002 (2/4),Jun 2011,Jun 2011,99 MB,927
dreamplug_ubuntu_v0.1.zip.001,dreamplug_ubuntu_v0.1.zip.001 (1/4),Jun 2011,Jun 2011,99 MB,1010
uImage_2.6.33.7,uImage_2.6.33.7,Jun 2011,Jun 2011,2.6 MB,1609
dreamplug_ubuntu_v0.1.zip.004,dreamplug_ubuntu_v0.1.zip.004 (4/4),Jun 2011,Jun 2011,8.5 MB,1104
md5_dreamplug_ubuntu_v0.1.txt,md5_dreamplug_ubuntu_v0.1.txt,Jun 2011,Jun 2011,32 bytes,938
kernel_md5.txt,kernel_md5.txt,Jun 2011,Jun 2011,32 bytes,648
Set Up A Debian File System In DreamPlug v0.2-20110519.pdf,Set Up A Debian File System In DreamPlug v0.2-20110519.pdf,May 2011,May 2011,568 KB,4417
MD5_dreamplug_debian_v0.2.tar.gz.txt,MD5_dreamplug_debian_v0.2.tar.gz.txt,Apr 2011,Apr 2011,32 bytes,914
dreamplug_debian_v0.2.zip.001,dreamplug_debian_v0.2.tar.gz (1/2),Apr 2011,Apr 2011,99 MB,1908
dreamplug_debian_v0.2.zip.002,dreamplug_debian_v0.2.tar.gz (2/2),Apr 2011,Apr 2011,51.6 MB,1887
dream_burn_spi.tar.bz2,dream_burn_spi.tar.bz2 (2011-04-08),Apr 2011,Apr 2011,35.1 MB,870
dream_burn_spi.tar.bz2_md5.txt,dream_burn_spi.tar.bz2_md5.txt (2011-04-08),Apr 2011,Apr 2011,32 bytes,668
DreamPlug User Guide_US_v1.1.pdf,DreamPlug User Guide US v1.1,Apr 2011,Apr 2011,2.2 MB,20885
linux-2.6.33.6.tar.bz2,linux-2.6.33.6,Mar 2011,Mar 2011,77.1 MB,889
gcc.tar.bz2,gcc,Mar 2011,Mar 2011,73.7 MB,656
dreamplug_rootfs.tar.bz2.MD5.txt,MD5 of rootfs of Dreamplug,Mar 2011,Mar 2011,58 bytes,730
uImage.MD5.txt,MD5 of kernel of Dreamplug,Mar 2011,Mar 2011,43 bytes,858
uImage,kernel of Dreamplug,Mar 2011,Mar 2011,2.6 MB,1997
